<?xml version="1.0" encoding="utf-8" standalone="yes" ?>
<rss version="2.0" xmlns:atom="http://www.w3.org/2005/Atom">
  <channel>
    <title>Js on ⚡️Bolaji Ayodeji⚡️</title>
    <link>https://bolajiayodeji.com/js/</link>
    <description>Recent content in Js on ⚡️Bolaji Ayodeji⚡️</description>
    <generator>Hugo -- gohugo.io</generator>
    <language>en-us</language>
    <lastBuildDate>Fri, 04 Jan 2019 13:22:14 +0700</lastBuildDate>
    
	<atom:link href="https://bolajiayodeji.com/js/index.xml" rel="self" type="application/rss+xml" />
    
    
    <item>
      <title>Introduction to JavaScript Switch Cases</title>
      <link>https://bolajiayodeji.com/js/introduction-to-javascript-switch-cases/</link>
      <pubDate>Fri, 04 Jan 2019 13:22:14 +0700</pubDate>
      
      <guid>https://bolajiayodeji.com/js/introduction-to-javascript-switch-cases/</guid>
      <description>In this short article, I will introduce you to JavaScript switch cases and how to use them with practical examples.
PS: This article is not for those without any JavaScript knowledge, it is expected that you&amp;rsquo;re taking some tutorial or course and you just got to the switch cases section.
This article will explain better with more practical examples to help you understand switch cases in depth.
Prerequisites.  Basic JavaScript knowledge Code editor Web Browser Your brain :)  A switch statement can basically replace multiple if checks in JavaScript.</description>
    </item>
    
    <item>
      <title>How to build a simple Progressive Web App with PWAFire and Deploy to GitHub Pages and Firebase.</title>
      <link>https://bolajiayodeji.com/js/how-to-build-a-simple-progressive-web-app-with-pwafire-and-eploy-to-github-ages-and-firebase/</link>
      <pubDate>Mon, 26 Nov 2018 13:22:14 +0700</pubDate>
      
      <guid>https://bolajiayodeji.com/js/how-to-build-a-simple-progressive-web-app-with-pwafire-and-eploy-to-github-ages-and-firebase/</guid>
      <description>Recently I discovered a new trend, a powerful web technology, one that every Web Developer should know, yeah I said every!
I first heard about PWA’s few months back, and at first it was weird trying to understand the concept and then trying to learn it. I stumbled on a link that led me to PWAFire an Open Sourced framework that helps you to Build Scalable Progressive Web Apps/First Experiences.</description>
    </item>
    
  </channel>
</rss>