<?xml version="1.0" encoding="utf-8" standalone="yes" ?>
<rss version="2.0" xmlns:atom="http://www.w3.org/2005/Atom">
  <channel>
    <title>Js on ⚡️Bolaji Ayodeji⚡️</title>
    <link>https://thewebdev.netlify.com/js/</link>
    <description>Recent content in Js on ⚡️Bolaji Ayodeji⚡️</description>
    <generator>Hugo -- gohugo.io</generator>
    <language>en-us</language>
    <lastBuildDate>Thu, 04 Jan 2018 13:22:14 +0700</lastBuildDate>
    
	<atom:link href="https://thewebdev.netlify.com/js/index.xml" rel="self" type="application/rss+xml" />
    
    
    <item>
      <title>Introduction to JavaScript Switch Cases</title>
      <link>https://thewebdev.netlify.com/js/introduction-to-javascript-switch-cases/</link>
      <pubDate>Thu, 04 Jan 2018 13:22:14 +0700</pubDate>
      
      <guid>https://thewebdev.netlify.com/js/introduction-to-javascript-switch-cases/</guid>
      <description>In this short article, I will introduce you to JavaScript switch cases and how to use them with practical examples.
PS: This article is not for those without any JavaScript knowledge, it is expected that you&amp;rsquo;re taking some tutorial or course and you just got to the switch cases section.
This article will explain better with more practical examples to help you understand switch cases in depth.
Prerequisites.  Basic JavaScript knowledge Code editor Web Browser Your brain :)  A switch statement can basically replace multiple if checks in JavaScript.</description>
    </item>
    
  </channel>
</rss>