<?xml version="1.0" encoding="utf-8" standalone="yes" ?>
<rss version="2.0" xmlns:atom="http://www.w3.org/2005/Atom">
  <channel>
    <title>Website on ⚡️Bolaji Ayodeji⚡️</title>
    <link>https://thewebdev.netlify.com/tags/website/</link>
    <description>Recent content in Website on ⚡️Bolaji Ayodeji⚡️</description>
    <generator>Hugo -- gohugo.io</generator>
    <language>en-us</language>
    <lastBuildDate>Mon, 05 Nov 2018 13:22:14 +0700</lastBuildDate>
    
	<atom:link href="https://thewebdev.netlify.com/tags/website/index.xml" rel="self" type="application/rss+xml" />
    
    
    <item>
      <title>How to convert GitHub Markdown files to a simple website</title>
      <link>https://thewebdev.netlify.com/vc/how-to-convert-github-markdown-files-to-a-simple-website/</link>
      <pubDate>Mon, 05 Nov 2018 13:22:14 +0700</pubDate>
      
      <guid>https://thewebdev.netlify.com/vc/how-to-convert-github-markdown-files-to-a-simple-website/</guid>
      <description>Easy Markdown to GitHub Pages Introduction This little guide demonstrates how to turn any Github repository with a bunch of Markdown files into a simple website using Github Pages and Jekyll.
 You don&amp;rsquo;t need to use the command line or anything other than your browser. It doesn&amp;rsquo;t require any knowledge in Jekyll. It&amp;rsquo;s completely compatible with any bunch of markdown files you already have in any existing repository without any modification to those files.</description>
    </item>
    
  </channel>
</rss>