<?xml version="1.0" encoding="utf-8" standalone="yes" ?>
<rss version="2.0" xmlns:atom="http://www.w3.org/2005/Atom">
  <channel>
    <title>Pwa on ⚡️Bolaji Ayodeji⚡️</title>
    <link>https://bolajiayodeji.com/tags/pwa/</link>
    <description>Recent content in Pwa on ⚡️Bolaji Ayodeji⚡️</description>
    <generator>Hugo -- gohugo.io</generator>
    <language>en-us</language>
    <lastBuildDate>Mon, 01 Apr 2019 13:22:14 +2400</lastBuildDate>
    
	<atom:link href="https://bolajiayodeji.com/tags/pwa/index.xml" rel="self" type="application/rss+xml" />
    
    
    <item>
      <title>Building &amp; Deploying your first Progressive Web App</title>
      <link>https://bolajiayodeji.com/building-and-deploying-your-first-progressive-web-app/</link>
      <pubDate>Mon, 01 Apr 2019 13:22:14 +2400</pubDate>
      
      <guid>https://bolajiayodeji.com/building-and-deploying-your-first-progressive-web-app/</guid>
      <description>Progressive Web Apps are very much in use by some of the biggest companies like Twitter, Forbes, Alibaba, Instagram, Flipkart e.t.c and have gained popularity. Building a PWA is quite easy and simple. In this tutorial, we’re going to build a simple Progressive web app (A weight converter app). Let&amp;rsquo;s roll :)
TABLE OF CONTENTS  Introduction Starter files App description Building the UI Add JavaScript Functionality Build the Progressive Web App Deploy to Netlify Conclusion  INTRODUCTION I’m sure by now you must have heard or read about Progressive Web Applications.</description>
    </item>
    
    <item>
      <title>How to build a simple Progressive Web App with PWAFire and Deploy to GitHub Pages and Firebase.</title>
      <link>https://bolajiayodeji.com/how-to-build-a-simple-progressive-web-app-with-pwafire-and-deploy-to-github-ages-and-firebase/</link>
      <pubDate>Mon, 26 Nov 2018 13:22:14 +2400</pubDate>
      
      <guid>https://bolajiayodeji.com/how-to-build-a-simple-progressive-web-app-with-pwafire-and-deploy-to-github-ages-and-firebase/</guid>
      <description>Recently I discovered a new trend, a powerful web technology, one that every Web Developer should know, yeah I said every!
I first heard about PWA’s few months back, and at first it was weird trying to understand the concept and then trying to learn it. I stumbled on a link that led me to PWAFire an Open Sourced framework that helps you to Build Scalable Progressive Web Apps/First Experiences.</description>
    </item>
    
  </channel>
</rss>