<?xml version="1.0" encoding="utf-8" standalone="yes" ?>
<rss version="2.0" xmlns:atom="http://www.w3.org/2005/Atom">
  <channel>
    <title>Education on ⚡️Bolaji Ayodeji⚡️</title>
    <link>https://bolajiayodeji.com/tags/education/</link>
    <description>Recent content in Education on ⚡️Bolaji Ayodeji⚡️</description>
    <generator>Hugo -- gohugo.io</generator>
    <language>en-us</language>
    <lastBuildDate>Mon, 21 Jan 2019 13:22:14 +0700</lastBuildDate>
    
	<atom:link href="https://bolajiayodeji.com/tags/education/index.xml" rel="self" type="application/rss+xml" />
    
    
    <item>
      <title>The GROWTH MINDSET demystified</title>
      <link>https://bolajiayodeji.com/rd/the-growth-mindet-demystified/</link>
      <pubDate>Mon, 21 Jan 2019 13:22:14 +0700</pubDate>
      
      <guid>https://bolajiayodeji.com/rd/the-growth-mindet-demystified/</guid>
      <description>I can&amp;rsquo;t do it, I can&amp;rsquo;t learn this, it&amp;rsquo;s too hard, Come on, I&amp;rsquo;m just a Junior Developer, WebPack is not my thing, I tried it and failed.
Those are the words of a developer drenched and soaked with imposter syndrome.
Over time we keep fighting ourselves, trying to run away from our shadows, trying to find shortcuts, yes I did also, I really did :(
At a point in my life, I just felt some things were not meant for me, I felt maths was too complex for me, JavaScript was not my thing!</description>
    </item>
    
  </channel>
</rss>