<?xml version="1.0" encoding="utf-8" standalone="yes" ?>
<rss version="2.0" xmlns:atom="http://www.w3.org/2005/Atom">
  <channel>
    <title>Vcs on ⚡️Bolaji Ayodeji⚡️</title>
    <link>https://bolajiayodeji.com/vc/</link>
    <description>Recent content in Vcs on ⚡️Bolaji Ayodeji⚡️</description>
    <generator>Hugo -- gohugo.io</generator>
    <language>en-us</language>
    <lastBuildDate>Mon, 18 Feb 2019 13:22:14 +2400</lastBuildDate>
    
	<atom:link href="https://bolajiayodeji.com/vc/index.xml" rel="self" type="application/rss+xml" />
    
    
    <item>
      <title>Git Cheat Sheet</title>
      <link>https://bolajiayodeji.com/vc/git-cheat-sheet/</link>
      <pubDate>Mon, 18 Feb 2019 13:22:14 +2400</pubDate>
      
      <guid>https://bolajiayodeji.com/vc/git-cheat-sheet/</guid>
      <description>Git cheat sheet saves you time when you just can’t remember a specific command. It is hard to memorize all the important Git commands as a newbie, most times Senior Developers forget too. This is why you need a reference you can come back to when you get stuck.
In this article, I’d show you the basic Git commands to help you learn Git, and more advanced concepts around Git branches, remote repositories, reverting changes, and more.</description>
    </item>
    
    <item>
      <title>How to test a Pull Request locally before Merging.</title>
      <link>https://bolajiayodeji.com/vc/how-to-test-a-pull-request-locally-before-merging/</link>
      <pubDate>Sun, 11 Nov 2018 13:22:14 +2400</pubDate>
      
      <guid>https://bolajiayodeji.com/vc/how-to-test-a-pull-request-locally-before-merging/</guid>
      <description>In this tutorial, I would show you how to check, test and make changes to a pull request before merging.
So your repository got a new Pull Request?, You don&amp;rsquo;t want to merge it before testing it out yourself locally on your machine. How do you go about it ?
The pull request is available on this git ref pull/{ID}/head which you can fetch using this, where ID is the pull request id.</description>
    </item>
    
    <item>
      <title>How to convert GitHub Markdown files to a simple website</title>
      <link>https://bolajiayodeji.com/vc/how-to-convert-github-markdown-files-to-a-simple-website/</link>
      <pubDate>Mon, 05 Nov 2018 13:22:14 +2400</pubDate>
      
      <guid>https://bolajiayodeji.com/vc/how-to-convert-github-markdown-files-to-a-simple-website/</guid>
      <description>Easy Markdown to GitHub Pages Introduction This little guide demonstrates how to turn any Github repository with a bunch of Markdown files into a simple website using Github Pages and Jekyll.
 You don&amp;rsquo;t need to use the command line or anything other than your browser. It doesn&amp;rsquo;t require any knowledge in Jekyll. It&amp;rsquo;s completely compatible with any bunch of markdown files you already have in any existing repository without any modification to those files.</description>
    </item>
    
  </channel>
</rss>