<?xml version="1.0" encoding="utf-8" standalone="yes" ?>
<rss version="2.0" xmlns:atom="http://www.w3.org/2005/Atom">
  <channel>
    <title>github education on ⚡️Bolaji Ayodeji⚡️</title>
    <link>https://bolajiayodeji.com/tags/github-education/</link>
    <description>Recent content in github education on ⚡️Bolaji Ayodeji⚡️</description>
    <generator>Hugo -- gohugo.io</generator>
    <language>en-us</language>
    <lastBuildDate>Mon, 04 Mar 2019 13:22:14 +2400</lastBuildDate>
    
	<atom:link href="https://bolajiayodeji.com/tags/github-education/index.xml" rel="self" type="application/rss+xml" />
    
    
    <item>
      <title>GitHub Student Developer Pack Demystified</title>
      <link>https://bolajiayodeji.com/github-student-developer-pack-demystified/</link>
      <pubDate>Mon, 04 Mar 2019 13:22:14 +2400</pubDate>
      
      <guid>https://bolajiayodeji.com/github-student-developer-pack-demystified/</guid>
      <description>There’s no substitute for hands-on experience, but for most students, real-world tools can be quite expensive. That’s why GitHub created the GitHub Student Developer Pack to give students free access to the best developer tools in one place so they can learn by doing.
In this article, I’d take you through:
 What is GitHub Student Developer Pack Contents of the pack Terms and Conditions How to apply for the pack Expiration and renewals  Let’s roll :)</description>
    </item>
    
  </channel>
</rss>