<?xml version="1.0" encoding="utf-8" standalone="yes" ?>
<rss version="2.0" xmlns:atom="http://www.w3.org/2005/Atom">
  <channel>
    <title>Tags on ⚡️Bolaji Ayodeji⚡️</title>
    <link>https://bolajiayodeji.com/tags/</link>
    <description>Recent content in Tags on ⚡️Bolaji Ayodeji⚡️</description>
    <generator>Hugo -- gohugo.io</generator>
    <language>en-us</language>
    <lastBuildDate>Fri, 03 May 2019 13:22:14 +2400</lastBuildDate>
    
	<atom:link href="https://bolajiayodeji.com/tags/index.xml" rel="self" type="application/rss+xml" />
    
    
    <item>
      <title>google</title>
      <link>https://bolajiayodeji.com/tags/google/</link>
      <pubDate>Fri, 03 May 2019 13:22:14 +2400</pubDate>
      
      <guid>https://bolajiayodeji.com/tags/google/</guid>
      <description></description>
    </item>
    
    <item>
      <title>open source</title>
      <link>https://bolajiayodeji.com/tags/open-source/</link>
      <pubDate>Fri, 03 May 2019 13:22:14 +2400</pubDate>
      
      <guid>https://bolajiayodeji.com/tags/open-source/</guid>
      <description></description>
    </item>
    
    <item>
      <title>technical writing</title>
      <link>https://bolajiayodeji.com/tags/technical-writing/</link>
      <pubDate>Fri, 03 May 2019 13:22:14 +2400</pubDate>
      
      <guid>https://bolajiayodeji.com/tags/technical-writing/</guid>
      <description></description>
    </item>
    
    <item>
      <title>es6</title>
      <link>https://bolajiayodeji.com/tags/es6/</link>
      <pubDate>Sat, 27 Apr 2019 13:22:14 +2400</pubDate>
      
      <guid>https://bolajiayodeji.com/tags/es6/</guid>
      <description></description>
    </item>
    
    <item>
      <title>javascript</title>
      <link>https://bolajiayodeji.com/tags/javascript/</link>
      <pubDate>Sat, 27 Apr 2019 13:22:14 +2400</pubDate>
      
      <guid>https://bolajiayodeji.com/tags/javascript/</guid>
      <description></description>
    </item>
    
    <item>
      <title>objects</title>
      <link>https://bolajiayodeji.com/tags/objects/</link>
      <pubDate>Sat, 27 Apr 2019 13:22:14 +2400</pubDate>
      
      <guid>https://bolajiayodeji.com/tags/objects/</guid>
      <description></description>
    </item>
    
    <item>
      <title>a11y</title>
      <link>https://bolajiayodeji.com/tags/a11y/</link>
      <pubDate>Fri, 05 Apr 2019 13:22:14 +2400</pubDate>
      
      <guid>https://bolajiayodeji.com/tags/a11y/</guid>
      <description></description>
    </item>
    
    <item>
      <title>accessibility</title>
      <link>https://bolajiayodeji.com/tags/accessibility/</link>
      <pubDate>Fri, 05 Apr 2019 13:22:14 +2400</pubDate>
      
      <guid>https://bolajiayodeji.com/tags/accessibility/</guid>
      <description></description>
    </item>
    
    <item>
      <title>web</title>
      <link>https://bolajiayodeji.com/tags/web/</link>
      <pubDate>Fri, 05 Apr 2019 13:22:14 +2400</pubDate>
      
      <guid>https://bolajiayodeji.com/tags/web/</guid>
      <description></description>
    </item>
    
    <item>
      <title>PWA</title>
      <link>https://bolajiayodeji.com/tags/pwa/</link>
      <pubDate>Mon, 01 Apr 2019 13:22:14 +2400</pubDate>
      
      <guid>https://bolajiayodeji.com/tags/pwa/</guid>
      <description></description>
    </item>
    
    <item>
      <title>web apps</title>
      <link>https://bolajiayodeji.com/tags/web-apps/</link>
      <pubDate>Mon, 01 Apr 2019 13:22:14 +2400</pubDate>
      
      <guid>https://bolajiayodeji.com/tags/web-apps/</guid>
      <description></description>
    </item>
    
    <item>
      <title>CSS</title>
      <link>https://bolajiayodeji.com/tags/css/</link>
      <pubDate>Mon, 25 Mar 2019 14:57:05 +0100</pubDate>
      
      <guid>https://bolajiayodeji.com/tags/css/</guid>
      <description></description>
    </item>
    
    <item>
      <title>variables</title>
      <link>https://bolajiayodeji.com/tags/variables/</link>
      <pubDate>Mon, 25 Mar 2019 14:57:05 +0100</pubDate>
      
      <guid>https://bolajiayodeji.com/tags/variables/</guid>
      <description></description>
    </item>
    
    <item>
      <title>web development</title>
      <link>https://bolajiayodeji.com/tags/web-development/</link>
      <pubDate>Mon, 25 Mar 2019 14:57:05 +0100</pubDate>
      
      <guid>https://bolajiayodeji.com/tags/web-development/</guid>
      <description></description>
    </item>
    
    <item>
      <title>go</title>
      <link>https://bolajiayodeji.com/tags/go/</link>
      <pubDate>Mon, 18 Mar 2019 13:50:26 +0100</pubDate>
      
      <guid>https://bolajiayodeji.com/tags/go/</guid>
      <description></description>
    </item>
    
    <item>
      <title>hugo</title>
      <link>https://bolajiayodeji.com/tags/hugo/</link>
      <pubDate>Mon, 18 Mar 2019 13:50:26 +0100</pubDate>
      
      <guid>https://bolajiayodeji.com/tags/hugo/</guid>
      <description></description>
    </item>
    
    <item>
      <title>netlify</title>
      <link>https://bolajiayodeji.com/tags/netlify/</link>
      <pubDate>Mon, 18 Mar 2019 13:50:26 +0100</pubDate>
      
      <guid>https://bolajiayodeji.com/tags/netlify/</guid>
      <description></description>
    </item>
    
    <item>
      <title>GitHub</title>
      <link>https://bolajiayodeji.com/tags/github/</link>
      <pubDate>Mon, 04 Mar 2019 13:22:14 +2400</pubDate>
      
      <guid>https://bolajiayodeji.com/tags/github/</guid>
      <description></description>
    </item>
    
    <item>
      <title>developers</title>
      <link>https://bolajiayodeji.com/tags/developers/</link>
      <pubDate>Mon, 04 Mar 2019 13:22:14 +2400</pubDate>
      
      <guid>https://bolajiayodeji.com/tags/developers/</guid>
      <description></description>
    </item>
    
    <item>
      <title>github education</title>
      <link>https://bolajiayodeji.com/tags/github-education/</link>
      <pubDate>Mon, 04 Mar 2019 13:22:14 +2400</pubDate>
      
      <guid>https://bolajiayodeji.com/tags/github-education/</guid>
      <description></description>
    </item>
    
    <item>
      <title>lang</title>
      <link>https://bolajiayodeji.com/tags/lang/</link>
      <pubDate>Mon, 25 Feb 2019 13:22:14 +2400</pubDate>
      
      <guid>https://bolajiayodeji.com/tags/lang/</guid>
      <description></description>
    </item>
    
    <item>
      <title>linguistic</title>
      <link>https://bolajiayodeji.com/tags/linguistic/</link>
      <pubDate>Mon, 25 Feb 2019 13:22:14 +2400</pubDate>
      
      <guid>https://bolajiayodeji.com/tags/linguistic/</guid>
      <description></description>
    </item>
    
    <item>
      <title>cheat sheet</title>
      <link>https://bolajiayodeji.com/tags/cheat-sheet/</link>
      <pubDate>Mon, 18 Feb 2019 13:22:14 +2400</pubDate>
      
      <guid>https://bolajiayodeji.com/tags/cheat-sheet/</guid>
      <description></description>
    </item>
    
    <item>
      <title>git</title>
      <link>https://bolajiayodeji.com/tags/git/</link>
      <pubDate>Mon, 18 Feb 2019 13:22:14 +2400</pubDate>
      
      <guid>https://bolajiayodeji.com/tags/git/</guid>
      <description></description>
    </item>
    
    <item>
      <title>version  control</title>
      <link>https://bolajiayodeji.com/tags/version-control/</link>
      <pubDate>Mon, 18 Feb 2019 13:22:14 +2400</pubDate>
      
      <guid>https://bolajiayodeji.com/tags/version-control/</guid>
      <description></description>
    </item>
    
    <item>
      <title>babel</title>
      <link>https://bolajiayodeji.com/tags/babel/</link>
      <pubDate>Thu, 14 Feb 2019 13:22:14 +2400</pubDate>
      
      <guid>https://bolajiayodeji.com/tags/babel/</guid>
      <description></description>
    </item>
    
    <item>
      <title>modules</title>
      <link>https://bolajiayodeji.com/tags/modules/</link>
      <pubDate>Mon, 11 Feb 2019 13:22:14 +2400</pubDate>
      
      <guid>https://bolajiayodeji.com/tags/modules/</guid>
      <description></description>
    </item>
    
    <item>
      <title>arrays</title>
      <link>https://bolajiayodeji.com/tags/arrays/</link>
      <pubDate>Mon, 04 Feb 2019 13:22:14 +2400</pubDate>
      
      <guid>https://bolajiayodeji.com/tags/arrays/</guid>
      <description></description>
    </item>
    
    <item>
      <title>Chrome</title>
      <link>https://bolajiayodeji.com/tags/chrome/</link>
      <pubDate>Mon, 28 Jan 2019 15:12:21 +2400</pubDate>
      
      <guid>https://bolajiayodeji.com/tags/chrome/</guid>
      <description></description>
    </item>
    
    <item>
      <title>Lighthouse</title>
      <link>https://bolajiayodeji.com/tags/lighthouse/</link>
      <pubDate>Mon, 28 Jan 2019 15:12:21 +2400</pubDate>
      
      <guid>https://bolajiayodeji.com/tags/lighthouse/</guid>
      <description></description>
    </item>
    
    <item>
      <title>devtools</title>
      <link>https://bolajiayodeji.com/tags/devtools/</link>
      <pubDate>Mon, 28 Jan 2019 15:12:21 +2400</pubDate>
      
      <guid>https://bolajiayodeji.com/tags/devtools/</guid>
      <description></description>
    </item>
    
    <item>
      <title>education</title>
      <link>https://bolajiayodeji.com/tags/education/</link>
      <pubDate>Mon, 21 Jan 2019 13:22:14 +2400</pubDate>
      
      <guid>https://bolajiayodeji.com/tags/education/</guid>
      <description></description>
    </item>
    
    <item>
      <title>growth mindset</title>
      <link>https://bolajiayodeji.com/tags/growth-mindset/</link>
      <pubDate>Mon, 21 Jan 2019 13:22:14 +2400</pubDate>
      
      <guid>https://bolajiayodeji.com/tags/growth-mindset/</guid>
      <description></description>
    </item>
    
    <item>
      <title>SSL</title>
      <link>https://bolajiayodeji.com/tags/ssl/</link>
      <pubDate>Mon, 26 Nov 2018 13:22:14 +2400</pubDate>
      
      <guid>https://bolajiayodeji.com/tags/ssl/</guid>
      <description></description>
    </item>
    
    <item>
      <title>htaccess</title>
      <link>https://bolajiayodeji.com/tags/htaccess/</link>
      <pubDate>Mon, 26 Nov 2018 13:22:14 +2400</pubDate>
      
      <guid>https://bolajiayodeji.com/tags/htaccess/</guid>
      <description></description>
    </item>
    
    <item>
      <title>https</title>
      <link>https://bolajiayodeji.com/tags/https/</link>
      <pubDate>Mon, 26 Nov 2018 13:22:14 +2400</pubDate>
      
      <guid>https://bolajiayodeji.com/tags/https/</guid>
      <description></description>
    </item>
    
    <item>
      <title>service workers</title>
      <link>https://bolajiayodeji.com/tags/service-workers/</link>
      <pubDate>Mon, 26 Nov 2018 13:22:14 +2400</pubDate>
      
      <guid>https://bolajiayodeji.com/tags/service-workers/</guid>
      <description></description>
    </item>
    
    <item>
      <title>browser</title>
      <link>https://bolajiayodeji.com/tags/browser/</link>
      <pubDate>Sat, 24 Nov 2018 13:22:14 +2400</pubDate>
      
      <guid>https://bolajiayodeji.com/tags/browser/</guid>
      <description></description>
    </item>
    
    <item>
      <title>http</title>
      <link>https://bolajiayodeji.com/tags/http/</link>
      <pubDate>Sat, 24 Nov 2018 13:22:14 +2400</pubDate>
      
      <guid>https://bolajiayodeji.com/tags/http/</guid>
      <description></description>
    </item>
    
    <item>
      <title>status code</title>
      <link>https://bolajiayodeji.com/tags/status-code/</link>
      <pubDate>Sat, 24 Nov 2018 13:22:14 +2400</pubDate>
      
      <guid>https://bolajiayodeji.com/tags/status-code/</guid>
      <description></description>
    </item>
    
    <item>
      <title>markdown</title>
      <link>https://bolajiayodeji.com/tags/markdown/</link>
      <pubDate>Mon, 05 Nov 2018 13:22:14 +2400</pubDate>
      
      <guid>https://bolajiayodeji.com/tags/markdown/</guid>
      <description></description>
    </item>
    
    <item>
      <title>website</title>
      <link>https://bolajiayodeji.com/tags/website/</link>
      <pubDate>Mon, 05 Nov 2018 13:22:14 +2400</pubDate>
      
      <guid>https://bolajiayodeji.com/tags/website/</guid>
      <description></description>
    </item>
    
    <item>
      <title>database</title>
      <link>https://bolajiayodeji.com/tags/database/</link>
      <pubDate>Sat, 28 Apr 2018 13:22:14 +2400</pubDate>
      
      <guid>https://bolajiayodeji.com/tags/database/</guid>
      <description></description>
    </item>
    
    <item>
      <title>mysql</title>
      <link>https://bolajiayodeji.com/tags/mysql/</link>
      <pubDate>Sat, 28 Apr 2018 13:22:14 +2400</pubDate>
      
      <guid>https://bolajiayodeji.com/tags/mysql/</guid>
      <description></description>
    </item>
    
    <item>
      <title>php</title>
      <link>https://bolajiayodeji.com/tags/php/</link>
      <pubDate>Sat, 28 Apr 2018 13:22:14 +2400</pubDate>
      
      <guid>https://bolajiayodeji.com/tags/php/</guid>
      <description></description>
    </item>
    
  </channel>
</rss>