<?xml version="1.0" encoding="utf-8" standalone="yes" ?>
<rss version="2.0" xmlns:atom="http://www.w3.org/2005/Atom">
  <channel>
    <title>Tags on ⚡️Bolaji Ayodeji⚡️</title>
    <link>https://bolajiayodeji.com/tags/</link>
    <description>Recent content in Tags on ⚡️Bolaji Ayodeji⚡️</description>
    <generator>Hugo -- gohugo.io</generator>
    <language>en-us</language>
    <lastBuildDate>Mon, 04 Feb 2019 13:22:14 +2400</lastBuildDate>
    
	<atom:link href="https://bolajiayodeji.com/tags/index.xml" rel="self" type="application/rss+xml" />
    
    
    <item>
      <title>Arrays</title>
      <link>https://bolajiayodeji.com/tags/arrays/</link>
      <pubDate>Mon, 04 Feb 2019 13:22:14 +2400</pubDate>
      
      <guid>https://bolajiayodeji.com/tags/arrays/</guid>
      <description></description>
    </item>
    
    <item>
      <title>Browser</title>
      <link>https://bolajiayodeji.com/tags/browser/</link>
      <pubDate>Sat, 24 Nov 2018 13:22:14 +2400</pubDate>
      
      <guid>https://bolajiayodeji.com/tags/browser/</guid>
      <description></description>
    </item>
    
    <item>
      <title>Chrome</title>
      <link>https://bolajiayodeji.com/tags/chrome/</link>
      <pubDate>Mon, 28 Jan 2019 15:12:21 +2400</pubDate>
      
      <guid>https://bolajiayodeji.com/tags/chrome/</guid>
      <description></description>
    </item>
    
    <item>
      <title>Database</title>
      <link>https://bolajiayodeji.com/tags/database/</link>
      <pubDate>Sat, 28 Apr 2018 13:22:14 +2400</pubDate>
      
      <guid>https://bolajiayodeji.com/tags/database/</guid>
      <description></description>
    </item>
    
    <item>
      <title>Developers</title>
      <link>https://bolajiayodeji.com/tags/developers/</link>
      <pubDate>Mon, 21 Jan 2019 13:22:14 +2400</pubDate>
      
      <guid>https://bolajiayodeji.com/tags/developers/</guid>
      <description></description>
    </item>
    
    <item>
      <title>Devtools</title>
      <link>https://bolajiayodeji.com/tags/devtools/</link>
      <pubDate>Mon, 28 Jan 2019 15:12:21 +2400</pubDate>
      
      <guid>https://bolajiayodeji.com/tags/devtools/</guid>
      <description></description>
    </item>
    
    <item>
      <title>Education</title>
      <link>https://bolajiayodeji.com/tags/education/</link>
      <pubDate>Mon, 21 Jan 2019 13:22:14 +2400</pubDate>
      
      <guid>https://bolajiayodeji.com/tags/education/</guid>
      <description></description>
    </item>
    
    <item>
      <title>Es6</title>
      <link>https://bolajiayodeji.com/tags/es6/</link>
      <pubDate>Mon, 11 Feb 2019 13:22:14 +2400</pubDate>
      
      <guid>https://bolajiayodeji.com/tags/es6/</guid>
      <description></description>
    </item>
    
    <item>
      <title>Git</title>
      <link>https://bolajiayodeji.com/tags/git/</link>
      <pubDate>Sun, 11 Nov 2018 13:22:14 +2400</pubDate>
      
      <guid>https://bolajiayodeji.com/tags/git/</guid>
      <description></description>
    </item>
    
    <item>
      <title>Github</title>
      <link>https://bolajiayodeji.com/tags/github/</link>
      <pubDate>Sun, 11 Nov 2018 13:22:14 +2400</pubDate>
      
      <guid>https://bolajiayodeji.com/tags/github/</guid>
      <description></description>
    </item>
    
    <item>
      <title>Growth Mindset</title>
      <link>https://bolajiayodeji.com/tags/growth-mindset/</link>
      <pubDate>Mon, 21 Jan 2019 13:22:14 +2400</pubDate>
      
      <guid>https://bolajiayodeji.com/tags/growth-mindset/</guid>
      <description></description>
    </item>
    
    <item>
      <title>Htaccess</title>
      <link>https://bolajiayodeji.com/tags/htaccess/</link>
      <pubDate>Mon, 26 Nov 2018 13:22:14 +2400</pubDate>
      
      <guid>https://bolajiayodeji.com/tags/htaccess/</guid>
      <description></description>
    </item>
    
    <item>
      <title>Http</title>
      <link>https://bolajiayodeji.com/tags/http/</link>
      <pubDate>Sat, 24 Nov 2018 13:22:14 +2400</pubDate>
      
      <guid>https://bolajiayodeji.com/tags/http/</guid>
      <description></description>
    </item>
    
    <item>
      <title>Https</title>
      <link>https://bolajiayodeji.com/tags/https/</link>
      <pubDate>Mon, 26 Nov 2018 13:22:14 +2400</pubDate>
      
      <guid>https://bolajiayodeji.com/tags/https/</guid>
      <description></description>
    </item>
    
    <item>
      <title>Javascript</title>
      <link>https://bolajiayodeji.com/tags/javascript/</link>
      <pubDate>Mon, 11 Feb 2019 13:22:14 +2400</pubDate>
      
      <guid>https://bolajiayodeji.com/tags/javascript/</guid>
      <description></description>
    </item>
    
    <item>
      <title>Lighthouse</title>
      <link>https://bolajiayodeji.com/tags/lighthouse/</link>
      <pubDate>Mon, 28 Jan 2019 15:12:21 +2400</pubDate>
      
      <guid>https://bolajiayodeji.com/tags/lighthouse/</guid>
      <description></description>
    </item>
    
    <item>
      <title>Markdown</title>
      <link>https://bolajiayodeji.com/tags/markdown/</link>
      <pubDate>Mon, 05 Nov 2018 13:22:14 +2400</pubDate>
      
      <guid>https://bolajiayodeji.com/tags/markdown/</guid>
      <description></description>
    </item>
    
    <item>
      <title>Modules</title>
      <link>https://bolajiayodeji.com/tags/modules/</link>
      <pubDate>Mon, 11 Feb 2019 13:22:14 +2400</pubDate>
      
      <guid>https://bolajiayodeji.com/tags/modules/</guid>
      <description></description>
    </item>
    
    <item>
      <title>Mysql</title>
      <link>https://bolajiayodeji.com/tags/mysql/</link>
      <pubDate>Sat, 28 Apr 2018 13:22:14 +2400</pubDate>
      
      <guid>https://bolajiayodeji.com/tags/mysql/</guid>
      <description></description>
    </item>
    
    <item>
      <title>Php</title>
      <link>https://bolajiayodeji.com/tags/php/</link>
      <pubDate>Sat, 28 Apr 2018 13:22:14 +2400</pubDate>
      
      <guid>https://bolajiayodeji.com/tags/php/</guid>
      <description></description>
    </item>
    
    <item>
      <title>Pwa</title>
      <link>https://bolajiayodeji.com/tags/pwa/</link>
      <pubDate>Mon, 26 Nov 2018 13:22:14 +2400</pubDate>
      
      <guid>https://bolajiayodeji.com/tags/pwa/</guid>
      <description></description>
    </item>
    
    <item>
      <title>Service Workers</title>
      <link>https://bolajiayodeji.com/tags/service-workers/</link>
      <pubDate>Mon, 26 Nov 2018 13:22:14 +2400</pubDate>
      
      <guid>https://bolajiayodeji.com/tags/service-workers/</guid>
      <description></description>
    </item>
    
    <item>
      <title>Ssl</title>
      <link>https://bolajiayodeji.com/tags/ssl/</link>
      <pubDate>Mon, 26 Nov 2018 13:22:14 +2400</pubDate>
      
      <guid>https://bolajiayodeji.com/tags/ssl/</guid>
      <description></description>
    </item>
    
    <item>
      <title>Status Code</title>
      <link>https://bolajiayodeji.com/tags/status-code/</link>
      <pubDate>Sat, 24 Nov 2018 13:22:14 +2400</pubDate>
      
      <guid>https://bolajiayodeji.com/tags/status-code/</guid>
      <description></description>
    </item>
    
    <item>
      <title>Version Control</title>
      <link>https://bolajiayodeji.com/tags/version-control/</link>
      <pubDate>Sun, 11 Nov 2018 13:22:14 +2400</pubDate>
      
      <guid>https://bolajiayodeji.com/tags/version-control/</guid>
      <description></description>
    </item>
    
    <item>
      <title>Website</title>
      <link>https://bolajiayodeji.com/tags/website/</link>
      <pubDate>Mon, 05 Nov 2018 13:22:14 +2400</pubDate>
      
      <guid>https://bolajiayodeji.com/tags/website/</guid>
      <description></description>
    </item>
    
  </channel>
</rss>