<?xml version="1.0" encoding="utf-8" standalone="yes" ?>
<rss version="2.0" xmlns:atom="http://www.w3.org/2005/Atom">
  <channel>
    <title>Developers on ⚡️Bolaji Ayodeji⚡️</title>
    <link>https://bolajiayodeji.com/tags/developers/</link>
    <description>Recent content in Developers on ⚡️Bolaji Ayodeji⚡️</description>
    <generator>Hugo -- gohugo.io</generator>
    <language>en-us</language>
    <lastBuildDate>Mon, 04 Mar 2019 13:22:14 +2400</lastBuildDate>
    
	<atom:link href="https://bolajiayodeji.com/tags/developers/index.xml" rel="self" type="application/rss+xml" />
    
    
    <item>
      <title>GitHub Student Developer Pack Demystified</title>
      <link>https://bolajiayodeji.com/github-student-developer-pack-demystified/</link>
      <pubDate>Mon, 04 Mar 2019 13:22:14 +2400</pubDate>
      
      <guid>https://bolajiayodeji.com/github-student-developer-pack-demystified/</guid>
      <description>There’s no substitute for hands-on experience, but for most students, real-world tools can be quite expensive. That’s why GitHub created the GitHub Student Developer Pack to give students free access to the best developer tools in one place so they can learn by doing.
In this article, I’d take you through:
 What is GitHub Student Developer Pack Contents of the pack Terms and Conditions How to apply for the pack Expiration and renewals  Let’s roll :)</description>
    </item>
    
    <item>
      <title>The GROWTH MINDSET demystified</title>
      <link>https://bolajiayodeji.com/the-growth-mindet-demystified/</link>
      <pubDate>Mon, 21 Jan 2019 13:22:14 +2400</pubDate>
      
      <guid>https://bolajiayodeji.com/the-growth-mindet-demystified/</guid>
      <description>I can&amp;rsquo;t do it, I can&amp;rsquo;t learn this, it&amp;rsquo;s too hard, Come on, I&amp;rsquo;m just a Junior Developer, WebPack is not my thing, I tried it and failed.
Those are the words of a developer drenched and soaked with imposter syndrome.
Over time we keep fighting ourselves, trying to run away from our shadows, trying to find shortcuts, yes I did also, I really did :(
At a point in my life, I just felt some things were not meant for me, I felt maths was too complex for me, JavaScript was not my thing!</description>
    </item>
    
    <item>
      <title>Introduction to JavaScript Switch Cases</title>
      <link>https://bolajiayodeji.com/introduction-to-javascript-switch-cases/</link>
      <pubDate>Fri, 04 Jan 2019 13:22:14 +2400</pubDate>
      
      <guid>https://bolajiayodeji.com/introduction-to-javascript-switch-cases/</guid>
      <description>In this short article, I will introduce you to JavaScript switch cases and how to use them with practical examples.
PS: This article is not for those without any JavaScript knowledge, it is expected that you&amp;rsquo;re taking some tutorial or course and you just got to the switch cases section.
This article will explain better with more practical examples to help you understand switch cases in depth.
Prerequisites.  Basic JavaScript knowledge Code editor Web Browser Your brain :)  A switch statement can basically replace multiple if checks in JavaScript.</description>
    </item>
    
  </channel>
</rss>