<?xml version="1.0" encoding="utf-8" standalone="yes" ?>
<rss version="2.0" xmlns:atom="http://www.w3.org/2005/Atom">
  <channel>
    <title>web apps on ⚡️Bolaji Ayodeji⚡️</title>
    <link>https://bolajiayodeji.com/tags/web-apps/</link>
    <description>Recent content in web apps on ⚡️Bolaji Ayodeji⚡️</description>
    <generator>Hugo -- gohugo.io</generator>
    <language>en-us</language>
    <lastBuildDate>Mon, 01 Apr 2019 13:22:14 +2400</lastBuildDate>
    
	<atom:link href="https://bolajiayodeji.com/tags/web-apps/index.xml" rel="self" type="application/rss+xml" />
    
    
    <item>
      <title>Building &amp; Deploying your first Progressive Web App</title>
      <link>https://bolajiayodeji.com/building-and-deploying-your-first-progressive-web-app/</link>
      <pubDate>Mon, 01 Apr 2019 13:22:14 +2400</pubDate>
      
      <guid>https://bolajiayodeji.com/building-and-deploying-your-first-progressive-web-app/</guid>
      <description>Progressive Web Apps are very much in use by some of the biggest companies like Twitter, Forbes, Alibaba, Instagram, Flipkart e.t.c and have gained popularity. Building a PWA is quite easy and simple. In this tutorial, we’re going to build a simple Progressive web app (A weight converter app). Let&amp;rsquo;s roll :)
TABLE OF CONTENTS  Introduction Starter files App description Building the UI Add JavaScript Functionality Build the Progressive Web App Deploy to Netlify Conclusion  INTRODUCTION I’m sure by now you must have heard or read about Progressive Web Applications.</description>
    </item>
    
  </channel>
</rss>