<?xml version="1.0" encoding="utf-8" standalone="yes" ?>
<rss version="2.0" xmlns:atom="http://www.w3.org/2005/Atom">
  <channel>
    <title>Arrays on ⚡️Bolaji Ayodeji⚡️</title>
    <link>https://bolajiayodeji.com/tags/arrays/</link>
    <description>Recent content in Arrays on ⚡️Bolaji Ayodeji⚡️</description>
    <generator>Hugo -- gohugo.io</generator>
    <language>en-us</language>
    <lastBuildDate>Mon, 04 Feb 2019 13:22:14 +2400</lastBuildDate>
    
	<atom:link href="https://bolajiayodeji.com/tags/arrays/index.xml" rel="self" type="application/rss+xml" />
    
    
    <item>
      <title>Manipulating Arrays in JavaScript</title>
      <link>https://bolajiayodeji.com/manipulating-arrays-in-javascript/</link>
      <pubDate>Mon, 04 Feb 2019 13:22:14 +2400</pubDate>
      
      <guid>https://bolajiayodeji.com/manipulating-arrays-in-javascript/</guid>
      <description>Arrays have become an important part of any programming language. Most times we need to do several operations on arrays, hence this article.
In this article, I would show you various methods of manipulating arrays in JavaScript [^^]
What are Arrays in JavaScript? Before we proceed, you need to understand what arrays really mean.
 In JavaScript, an array is a variable that is used to store different data types.</description>
    </item>
    
  </channel>
</rss>