<?xml version="1.0" encoding="utf-8" standalone="yes" ?>
<rss version="2.0" xmlns:atom="http://www.w3.org/2005/Atom">
  <channel>
    <title>Es6 on ⚡️Bolaji Ayodeji⚡️</title>
    <link>/tags/es6/</link>
    <description>Recent content in Es6 on ⚡️Bolaji Ayodeji⚡️</description>
    <generator>Hugo -- gohugo.io</generator>
    <language>en-us</language>
    <lastBuildDate>Mon, 04 Feb 2019 13:22:14 +2400</lastBuildDate>
    
	<atom:link href="/tags/es6/index.xml" rel="self" type="application/rss+xml" />
    
    
    <item>
      <title>Manipulating Arrays in JavaScript</title>
      <link>/js/manipulating-arrays-in-javascript/</link>
      <pubDate>Mon, 04 Feb 2019 13:22:14 +2400</pubDate>
      
      <guid>/js/manipulating-arrays-in-javascript/</guid>
      <description>Arrays have become an important part of any programming language. Most times we need to do several operations on arrays, hence this article.
In this article, I would show you various methods of manipulating arrays in JavaScript [^^]
What are Arrays in JavaScript? Before we proceed, you need to understand what arrays really mean.
 In JavaScript, an array is a variable that is used to store different data types.</description>
    </item>
    
    <item>
      <title>Introduction to JavaScript Switch Cases</title>
      <link>/js/introduction-to-javascript-switch-cases/</link>
      <pubDate>Fri, 04 Jan 2019 13:22:14 +2400</pubDate>
      
      <guid>/js/introduction-to-javascript-switch-cases/</guid>
      <description>In this short article, I will introduce you to JavaScript switch cases and how to use them with practical examples.
PS: This article is not for those without any JavaScript knowledge, it is expected that you&amp;rsquo;re taking some tutorial or course and you just got to the switch cases section.
This article will explain better with more practical examples to help you understand switch cases in depth.
Prerequisites.  Basic JavaScript knowledge Code editor Web Browser Your brain :)  A switch statement can basically replace multiple if checks in JavaScript.</description>
    </item>
    
  </channel>
</rss>