<?xml version="1.0" encoding="utf-8" standalone="yes" ?>
<rss version="2.0" xmlns:atom="http://www.w3.org/2005/Atom">
  <channel>
    <title>Dts on ⚡️Bolaji Ayodeji⚡️</title>
    <link>/dt/</link>
    <description>Recent content in Dts on ⚡️Bolaji Ayodeji⚡️</description>
    <generator>Hugo -- gohugo.io</generator>
    <language>en-us</language>
    <lastBuildDate>Mon, 28 Jan 2019 15:12:21 +2400</lastBuildDate>
    
	<atom:link href="/dt/index.xml" rel="self" type="application/rss+xml" />
    
    
    <item>
      <title>
Introduction to Chrome Lighthouse</title>
      <link>/dt/introduction-to-chrome-lighthouse/</link>
      <pubDate>Mon, 28 Jan 2019 15:12:21 +2400</pubDate>
      
      <guid>/dt/introduction-to-chrome-lighthouse/</guid>
      <description>Chrome Lighthouse has been around for a while now, but what if I ask you to explain what it does can you explain vividly?
I discovered that a lot of web developers, including beginners, have not heard about this tool and those who have, have not tried it yet, that&amp;rsquo;s not cool :(.
In this article, I would introduce you Chrome Lighthouse, what it does and how to start using it.</description>
    </item>
    
    <item>
      <title>How to Connect Mysql with PHP</title>
      <link>/dt/how-to-connect-mysql-with-php/</link>
      <pubDate>Sat, 28 Apr 2018 13:22:14 +2400</pubDate>
      
      <guid>/dt/how-to-connect-mysql-with-php/</guid>
      <description>When many developers refer to a database, they are usually referring to MySQL, a very popular DBMS that powers projects of all sizes. The USP of MySQL is its ability to handle huge volumes of data without breaking a sweat.
In this article I will discuss how to connect MySQL Database using Localhost Server.
Create MySQL Database at the Localhost First, let me tell you what PHPMyAdmin is. It is a control panel from where you can manage your database that you have created.</description>
    </item>
    
  </channel>
</rss>