<?xml version="1.0" encoding="utf-8" standalone="yes" ?>
<rss version="2.0" xmlns:atom="http://www.w3.org/2005/Atom">
  <channel>
    <title>Dts on ⚡️Bolaji Ayodeji⚡️</title>
    <link>https://bolajiayodeji.com/dt/</link>
    <description>Recent content in Dts on ⚡️Bolaji Ayodeji⚡️</description>
    <generator>Hugo -- gohugo.io</generator>
    <language>en-us</language>
    <lastBuildDate>Mon, 18 Mar 2019 13:50:26 +0100</lastBuildDate>
    
	<atom:link href="https://bolajiayodeji.com/dt/index.xml" rel="self" type="application/rss+xml" />
    
    
    <item>
      <title>Getting Started With Hugo and Deploying to Netlify</title>
      <link>https://bolajiayodeji.com/dt/getting-started-with-hugo-and-deploying-to-netlify/</link>
      <pubDate>Mon, 18 Mar 2019 13:50:26 +0100</pubDate>
      
      <guid>https://bolajiayodeji.com/dt/getting-started-with-hugo-and-deploying-to-netlify/</guid>
      <description>Hugo is a fast and modern static site generator written in Go, and designed to make website creation fun again. It builds pages when you create or update your content. Websites built with Hugo are extremely fast and secure like https://bolajiayodeji.com. In technical terms, Hugo takes a source directory of files and templates and uses these as input to create a complete website.
Hugo sites can be hosted anywhere, including Netlify, Heroku, GoDaddy, DreamHost, GitHub Pages, GitLab Pages, Surge, Aerobatic, Firebase, Google Cloud Storage, Amazon S3, Rackspace, Azure, and CloudFront and work well with CDNs.</description>
    </item>
    
    <item>
      <title>Introduction to Babel and JavaScript Bundlers</title>
      <link>https://bolajiayodeji.com/dt/introduction-to-babel-and-javascript-bundlers/</link>
      <pubDate>Thu, 14 Feb 2019 13:22:14 +2400</pubDate>
      
      <guid>https://bolajiayodeji.com/dt/introduction-to-babel-and-javascript-bundlers/</guid>
      <description>As earlier stated in my previous article ES6 modules is a very powerful concept. Although support is not available everywhere yet, a common way of using it is to transpile into ES5. You can use Grunt, Gulp, Webpack, Babel or some other transpiler to compile the modules during a build process.
In this article, I’d guide through an introduction to transpiling ES6 with babel and bundling your modules with Browserify.</description>
    </item>
    
    <item>
      <title>
Introduction to Chrome Lighthouse</title>
      <link>https://bolajiayodeji.com/dt/introduction-to-chrome-lighthouse/</link>
      <pubDate>Mon, 28 Jan 2019 15:12:21 +2400</pubDate>
      
      <guid>https://bolajiayodeji.com/dt/introduction-to-chrome-lighthouse/</guid>
      <description>Chrome Lighthouse has been around for a while now, but what if I ask you to explain what it does can you explain vividly?
I discovered that a lot of web developers, including beginners, have not heard about this tool and those who have, have not tried it yet, that&amp;rsquo;s not cool :(.
In this article, I would introduce you Chrome Lighthouse, what it does and how to start using it.</description>
    </item>
    
    <item>
      <title>How to Connect Mysql with PHP</title>
      <link>https://bolajiayodeji.com/dt/how-to-connect-mysql-with-php/</link>
      <pubDate>Sat, 28 Apr 2018 13:22:14 +2400</pubDate>
      
      <guid>https://bolajiayodeji.com/dt/how-to-connect-mysql-with-php/</guid>
      <description>When many developers refer to a database, they are usually referring to MySQL, a very popular DBMS that powers projects of all sizes. The USP of MySQL is its ability to handle huge volumes of data without breaking a sweat.
In this article I will discuss how to connect MySQL Database using Localhost Server.
Create MySQL Database at the Localhost First, let me tell you what PHPMyAdmin is. It is a control panel from where you can manage your database that you have created.</description>
    </item>
    
  </channel>
</rss>