<?xml version="1.0" encoding="utf-8" standalone="yes" ?>
<rss version="2.0" xmlns:atom="http://www.w3.org/2005/Atom">
  <channel>
    <title>Browser on ⚡️Bolaji Ayodeji⚡️</title>
    <link>https://thewebdev.netlify.com/tags/browser/</link>
    <description>Recent content in Browser on ⚡️Bolaji Ayodeji⚡️</description>
    <generator>Hugo -- gohugo.io</generator>
    <language>en-us</language>
    <lastBuildDate>Sat, 24 Nov 2018 13:22:14 +0700</lastBuildDate>
    
	<atom:link href="https://thewebdev.netlify.com/tags/browser/index.xml" rel="self" type="application/rss+xml" />
    
    
    <item>
      <title>HTTP status codes and their meanings</title>
      <link>https://thewebdev.netlify.com/rd/http-status-codes-and-their-meanings/</link>
      <pubDate>Sat, 24 Nov 2018 13:22:14 +0700</pubDate>
      
      <guid>https://thewebdev.netlify.com/rd/http-status-codes-and-their-meanings/</guid>
      <description>Often time, we come across several errors while surfing through some websites which displays with a status code, as developers we need to be familiar with this status codes.
In this article, I&amp;rsquo;d be explaining what each HTTP status code stand for.
What is an HTTP status code?
For every request from a web browser the server responds with a status code. If there was a error, you can get additional information about the error.</description>
    </item>
    
  </channel>
</rss>