<?xml version="1.0" encoding="utf-8" standalone="yes" ?>
<rss version="2.0" xmlns:atom="http://www.w3.org/2005/Atom">
  <channel>
    <title>cheat sheet on ⚡️Bolaji Ayodeji⚡️</title>
    <link>https://bolajiayodeji.com/tags/cheat-sheet/</link>
    <description>Recent content in cheat sheet on ⚡️Bolaji Ayodeji⚡️</description>
    <generator>Hugo -- gohugo.io</generator>
    <language>en-us</language>
    <lastBuildDate>Mon, 18 Feb 2019 13:22:14 +2400</lastBuildDate>
    
	<atom:link href="https://bolajiayodeji.com/tags/cheat-sheet/index.xml" rel="self" type="application/rss+xml" />
    
    
    <item>
      <title>Git Cheat Sheet</title>
      <link>https://bolajiayodeji.com/git-cheat-sheet/</link>
      <pubDate>Mon, 18 Feb 2019 13:22:14 +2400</pubDate>
      
      <guid>https://bolajiayodeji.com/git-cheat-sheet/</guid>
      <description>Git cheat sheet saves you time when you just can’t remember a specific command. It is hard to memorize all the important Git commands as a newbie, most times Senior Developers forget too. This is why you need a reference you can come back to when you get stuck.
In this article, I’d show you the basic Git commands to help you learn Git, and more advanced concepts around Git branches, remote repositories, reverting changes, and more.</description>
    </item>
    
  </channel>
</rss>