<?xml version="1.0" encoding="utf-8" standalone="yes" ?>
<rss version="2.0" xmlns:atom="http://www.w3.org/2005/Atom">
  <channel>
    <title>CSS on ⚡️Bolaji Ayodeji⚡️</title>
    <link>https://bolajiayodeji.com/tags/css/</link>
    <description>Recent content in CSS on ⚡️Bolaji Ayodeji⚡️</description>
    <generator>Hugo -- gohugo.io</generator>
    <language>en-us</language>
    <lastBuildDate>Mon, 25 Mar 2019 14:57:05 +0100</lastBuildDate>
    
	<atom:link href="https://bolajiayodeji.com/tags/css/index.xml" rel="self" type="application/rss+xml" />
    
    
    <item>
      <title>Introducing CSS Custom Properties (Variables)</title>
      <link>https://bolajiayodeji.com/introducing-css-custom-properties-variables/</link>
      <pubDate>Mon, 25 Mar 2019 14:57:05 +0100</pubDate>
      
      <guid>https://bolajiayodeji.com/introducing-css-custom-properties-variables/</guid>
      <description>In the past years, maintaining CSS was a very big problem for bigger projects or complex apps as a result, building reusable components and cleaner styles were hard to achieve.
CSS Preprocessors came to solve this problem and have been around for years now (SASS, LESS, e.t.c). They extend CSS with key features like variables, operators, interpolations, functions, imports, mixins e.t.c.
However, in Modern CSS, we now have a new powerful feature called Custom properties, otherwise known as CSS variables or cascading variables.</description>
    </item>
    
  </channel>
</rss>