<?xml version="1.0" encoding="utf-8" standalone="yes" ?>
<rss version="2.0" xmlns:atom="http://www.w3.org/2005/Atom">
  <channel>
    <title>devtools on ⚡️Bolaji Ayodeji⚡️</title>
    <link>https://bolajiayodeji.com/tags/devtools/</link>
    <description>Recent content in devtools on ⚡️Bolaji Ayodeji⚡️</description>
    <generator>Hugo -- gohugo.io</generator>
    <language>en-us</language>
    <lastBuildDate>Mon, 28 Jan 2019 15:12:21 +2400</lastBuildDate>
    
	<atom:link href="https://bolajiayodeji.com/tags/devtools/index.xml" rel="self" type="application/rss+xml" />
    
    
    <item>
      <title>
Introduction to Chrome Lighthouse</title>
      <link>https://bolajiayodeji.com/introduction-to-chrome-lighthouse/</link>
      <pubDate>Mon, 28 Jan 2019 15:12:21 +2400</pubDate>
      
      <guid>https://bolajiayodeji.com/introduction-to-chrome-lighthouse/</guid>
      <description>Chrome Lighthouse has been around for a while now, but what if I ask you to explain what it does can you explain vividly?
I discovered that a lot of web developers, including beginners, have not heard about this tool and those who have, have not tried it yet, that&amp;rsquo;s not cool :(.
In this article, I would introduce you Chrome Lighthouse, what it does and how to start using it.</description>
    </item>
    
  </channel>
</rss>