<?xml version="1.0" encoding="utf-8" standalone="yes" ?>
<rss version="2.0" xmlns:atom="http://www.w3.org/2005/Atom">
  <channel>
    <title>Github on ⚡️Bolaji Ayodeji⚡️</title>
    <link>https://bolajiayodeji.com/tags/github/</link>
    <description>Recent content in Github on ⚡️Bolaji Ayodeji⚡️</description>
    <generator>Hugo -- gohugo.io</generator>
    <language>en-us</language>
    <lastBuildDate>Mon, 04 Mar 2019 13:22:14 +2400</lastBuildDate>
    
	<atom:link href="https://bolajiayodeji.com/tags/github/index.xml" rel="self" type="application/rss+xml" />
    
    
    <item>
      <title>GitHub Student Developer Pack Demystified</title>
      <link>https://bolajiayodeji.com/rd/github-student-developer-pack-demystified/</link>
      <pubDate>Mon, 04 Mar 2019 13:22:14 +2400</pubDate>
      
      <guid>https://bolajiayodeji.com/rd/github-student-developer-pack-demystified/</guid>
      <description>There’s no substitute for hands-on experience, but for most students, real-world tools can be quite expensive. That’s why GitHub created the GitHub Student Developer Pack to give students free access to the best developer tools in one place so they can learn by doing.
In this article, I’d take you through:
 What is GitHub Student Developer Pack Contents of the pack Terms and Conditions How to apply for the pack Expiration and renewals  Let’s roll :)</description>
    </item>
    
    <item>
      <title>Introducing GitHub Linguist</title>
      <link>https://bolajiayodeji.com/rd/introducing-github-linguistic/</link>
      <pubDate>Mon, 25 Feb 2019 13:22:14 +2400</pubDate>
      
      <guid>https://bolajiayodeji.com/rd/introducing-github-linguistic/</guid>
      <description>The files and directories within a repository determine the languages that make up the repository. With GitHub, you can view a repository’s languages to get a quick overview of the repository. But how does this happen? What powers this repository language overview?
In this article I would:
 Introduce you to GitHub Linguist How it works How to fix common Linguist issues How to use gitattributesto override Linguist :) How to use Emacs or Vim modelines to override Linguist How to contribute to GitHub Linguist  Let’s Roll!</description>
    </item>
    
    <item>
      <title>How to test a Pull Request locally before Merging.</title>
      <link>https://bolajiayodeji.com/vc/how-to-test-a-pull-request-locally-before-merging/</link>
      <pubDate>Sun, 11 Nov 2018 13:22:14 +2400</pubDate>
      
      <guid>https://bolajiayodeji.com/vc/how-to-test-a-pull-request-locally-before-merging/</guid>
      <description>In this tutorial, I would show you how to check, test and make changes to a pull request before merging.
So your repository got a new Pull Request?, You don&amp;rsquo;t want to merge it before testing it out yourself locally on your machine. How do you go about it ?
The pull request is available on this git ref pull/{ID}/head which you can fetch using this, where ID is the pull request id.</description>
    </item>
    
    <item>
      <title>How to convert GitHub Markdown files to a simple website</title>
      <link>https://bolajiayodeji.com/vc/how-to-convert-github-markdown-files-to-a-simple-website/</link>
      <pubDate>Mon, 05 Nov 2018 13:22:14 +2400</pubDate>
      
      <guid>https://bolajiayodeji.com/vc/how-to-convert-github-markdown-files-to-a-simple-website/</guid>
      <description>Easy Markdown to GitHub Pages Introduction This little guide demonstrates how to turn any Github repository with a bunch of Markdown files into a simple website using Github Pages and Jekyll.
 You don&amp;rsquo;t need to use the command line or anything other than your browser. It doesn&amp;rsquo;t require any knowledge in Jekyll. It&amp;rsquo;s completely compatible with any bunch of markdown files you already have in any existing repository without any modification to those files.</description>
    </item>
    
  </channel>
</rss>